3	mex@gmail.com	mex	$2a$10$Wz5tmQ2EiP69jvCt9g4uquj.MeggJCNVLfKH/YFhmqC/rGWte2liC	Offline	xecv34ad0duqqnhudf7e
4	amogo@gmail.com	amogo	$2b$10$UzSZBn9cBYHdHEuV1WipZerIHkO3chZehR2LO80mUIUtY0jLGKgO6	Offline	xecv34ad0duqqnhudf7e
5	bronki@gmail.com	bronek	$2b$10$UUOV4Dt9c/pTU2Gm1UMER.mvi32G4QM.0oAmacOK.PkrZCqIoND9u	Offline	xecv34ad0duqqnhudf7e
6	git@gmail.com	git@	$2b$10$4QautUFDJJKZPFNCPmCmnOcdqS0FVZGJLiAhsTh6ryCKMu0hf6aU2	Offline	xecv34ad0duqqnhudf7e
7	amogo@gm.com	amo	$2b$10$MAFPPMilJT5ie2qf2wDKquDTg1aDscbNBH0ONEDzrCgN/cCYg.QRC	Offline	xecv34ad0duqqnhudf7e
8	test@gfma.co	dsfsf@	$2b$10$9QtxRWnxNh3YszLccdebSe.EEAD5KI/f5wT7nNGMp/plwbkTGieNu	Offline	xecv34ad0duqqnhudf7e
1	zorritozum@gmail.com	azor	$2a$10$qy7g95HH8IXAdhCAzFA17OFvcbv.nt3FWFKEABd2mFDRR1/HcjdCa	Offline	xecv34ad0duqqnhudf7e
2	amogus@gmail.com	amogo	$2a$10$7mlObWTAoDOIbcfoIeRu/uB0L5SzszFFniIhDHTYxoGSLPgWJEGMm	Offline	
9	testoy@gma.co	alexte	$2b$10$uRoAE46OS.w4.LRm6Io0teQxcrtiXgmLtr4zvLVCYh.vHuvGcQB/S	Offline	zi82hbcq2q6rmphkkusq
10	mk@gmail.com	mk	$2b$10$nhDf7rE6lVT3cFy4k.ulluN7hswSkdBjRPCGX/mBUyoA7y6dC/I86	Offline	
11	was@gmail.com	mexys	$2b$10$U06Mu2zqGauyk5BB6p.XQujjLS/HUbZdhKikGrHnlgb5JWcREfDuu	Offline	
12	owa@gmail.com	mex	$2b$10$oEUBcTuwK7MJ0VR0Fnwki.4p24aUa9JXbWvtxk/mUj/ZsY08jEIl6	Offline	sefnbvicsbviyw6bgmg2
13			$2b$10$xdl/f/gSmxGX.kIVlKaKDeWibBJbf.wrL6/O4N137zUin2UntSZ12	Offline	\N
14			$2b$10$iXj4.A6vUCKDTSksA9dE/ebPRoBSTDmmILewJWiOpCZ224za.y4jm	Offline	\N
15	zorr@gmail.com		$2b$10$C29GVhJ0R1e4rBgE3r0OU./z4BrrR73Tjc3eFvhLC3yXpFen3oEMS	Offline	dhjdi2qxuldab4tryp5n
16	ama@gmail.com	sadfsd	$2b$10$5Xyj6cWnooaNG4kYsPNhVuYiYZt6h7qqc1YtX8yV5d6VkON7mXI8W	Offline	sfjaokusjuay1p9xwyq5
17	awb@g.com	ab	$2b$10$iPo84FPrgLJCo2.Kq1Vsk.9u1jAWJw2VJDGdNdWZvTVTgF58yC0RO	Offline	u2hjstjzmiuzxrhbm0fy
